field_size|population_size|selection_method|tournament_competitors|truncation_threshold|copy_threshold|crossover_method|crossover_probability|mutation_method|mutation_probability|adapt_mutability|iterations|time|fitness|average_fitness
15|100|random|20|0.5|0.1|random|0.8|random|0.3|False|50|0.62892746925354|105.0|101.57
15|100|random|20|0.5|0.1|random|0.8|random|0.3|False|424|5.337296724319458|105.0|102.27
15|100|random|20|0.5|0.1|random|0.8|random|0.3|False|20|0.23960280418395996|105.0|102.11
15|100|random|20|0.5|0.1|random|0.8|random|0.3|False|22|0.2738494873046875|105.0|102.4
15|100|random|20|0.5|0.1|random|0.8|random|0.3|False|521|6.908125162124634|105.0|102.45
15|100|random|20|0.5|0.1|random|0.8|random|0.3|False|116|1.4313228130340576|105.0|101.12
15|100|random|20|0.5|0.1|random|0.8|random|0.3|False|24|0.3704855442047119|105.0|102.01
15|100|random|20|0.5|0.1|random|0.8|random|0.3|False|273|3.3655893802642822|105.0|102.68
15|100|random|20|0.5|0.1|random|0.8|random|0.3|False|115|2.228273391723633|105.0|102.46
15|100|random|20|0.5|0.1|random|0.8|random|0.3|False|28|0.4898407459259033|105.0|101.25
15|100|random|20|0.5|0.1|random|0.8|random|0.3|False|89|1.1949243545532227|105.0|101.9
15|100|random|20|0.5|0.1|random|0.8|random|0.3|False|1377|19.42339253425598|105.0|102.29
15|100|random|20|0.5|0.1|random|0.8|random|0.3|False|61|0.6805617809295654|105.0|101.77
15|100|random|20|0.5|0.1|random|0.8|random|0.3|False|195|2.1934406757354736|105.0|102.12
15|100|random|20|0.5|0.1|random|0.8|random|0.3|False|127|1.4063477516174316|105.0|102.69
15|100|random|20|0.5|0.1|random|0.8|random|0.3|False|22|0.2616434097290039|105.0|101.54
15|100|random|20|0.5|0.1|random|0.8|random|0.3|False|2315|26.770774126052856|105.0|102.63
15|100|random|20|0.5|0.1|random|0.8|random|0.3|False|21|0.2603459358215332|105.0|100.64
15|100|random|20|0.5|0.1|random|0.8|random|0.3|False|39|0.45687198638916016|105.0|101.59
15|100|random|20|0.5|0.1|random|0.8|random|0.3|False|216|2.435032367706299|105.0|102.84
15|100|random|20|0.5|0.1|random|0.8|random|0.3|False|55|0.6143999099731445|105.0|102.1
15|100|random|20|0.5|0.1|random|0.8|random|0.3|False|24|0.2856285572052002|105.0|100.44
15|100|random|20|0.5|0.1|random|0.8|random|0.3|False|18|0.22061920166015625|105.0|101.87
15|100|random|20|0.5|0.1|random|0.8|random|0.3|False|39|0.46123552322387695|105.0|101.66
15|100|random|20|0.5|0.1|random|0.8|random|0.3|False|50|0.6224908828735352|105.0|101.94
15|100|random|20|0.5|0.1|random|0.8|random|0.3|False|68|0.8486623764038086|105.0|102.14
15|100|random|20|0.5|0.1|random|0.8|random|0.3|False|26|0.3076965808868408|105.0|102.11
15|100|random|20|0.5|0.1|random|0.8|random|0.3|False|24|0.29711246490478516|105.0|100.83
15|100|random|20|0.5|0.1|random|0.8|random|0.3|False|10|0.13534307479858398|105.0|100.64
15|100|random|20|0.5|0.1|random|0.8|random|0.3|False|23|0.39533329010009766|105.0|100.76
15|100|random|20|0.5|0.1|random|0.8|random|0.3|False|26|0.3180563449859619|105.0|102.05
15|100|random|20|0.5|0.1|random|0.8|random|0.3|False|1251|14.58039927482605|105.0|101.52
15|100|random|20|0.5|0.1|random|0.8|random|0.3|False|514|5.795742750167847|105.0|101.79
15|100|random|20|0.5|0.1|random|0.8|random|0.3|False|1343|15.396039485931396|105.0|102.18
15|100|random|20|0.5|0.1|random|0.8|random|0.3|False|41|0.4728715419769287|105.0|102.26
15|100|random|20|0.5|0.1|random|0.8|random|0.3|False|9|0.14670228958129883|105.0|102.48
15|100|random|20|0.5|0.1|random|0.8|random|0.3|False|134|1.5468964576721191|105.0|102.01
15|100|random|20|0.5|0.1|random|0.8|random|0.3|False|44|0.5195059776306152|105.0|101.22
15|100|random|20|0.5|0.1|random|0.8|random|0.3|False|138|1.5172228813171387|105.0|102.25
15|100|random|20|0.5|0.1|random|0.8|random|0.3|False|49|0.5498402118682861|105.0|101.99
15|100|random|20|0.5|0.1|random|0.8|random|0.3|False|133|1.5560710430145264|105.0|102.07
15|100|random|20|0.5|0.1|random|0.8|random|0.3|False|3031|33.2895884513855|105.0|102.08
15|100|random|20|0.5|0.1|random|0.8|random|0.3|False|6|0.07971072196960449|105.0|99.38
15|100|random|20|0.5|0.1|random|0.8|random|0.3|False|50|0.6653063297271729|105.0|102.41
15|100|random|20|0.5|0.1|random|0.8|random|0.3|False|10|0.14291143417358398|105.0|100.77
15|100|random|20|0.5|0.1|random|0.8|random|0.3|False|14|0.23533964157104492|105.0|100.37
15|100|random|20|0.5|0.1|random|0.8|random|0.3|False|1434|16.422216653823853|105.0|101.75
15|100|random|20|0.5|0.1|random|0.8|random|0.3|False|18|0.21842527389526367|105.0|101.98
15|100|random|20|0.5|0.1|random|0.8|random|0.3|False|4152|51.29829502105713|105.0|101.49
15|100|random|20|0.5|0.1|random|0.8|random|0.3|False|935|10.919931411743164|105.0|101.94
15|100|random|20|0.5|0.1|random|0.8|random|0.3|False|280|3.423640727996826|105.0|102.67
15|100|random|20|0.5|0.1|random|0.8|random|0.3|False|216|2.953787326812744|105.0|102.42
15|100|random|20|0.5|0.1|random|0.8|random|0.3|False|181|2.5075440406799316|105.0|102.31
15|100|random|20|0.5|0.1|random|0.8|random|0.3|False|939|11.17386507987976|105.0|102.06
15|100|random|20|0.5|0.1|random|0.8|random|0.3|False|60|0.6757915019989014|105.0|102.62
15|100|random|20|0.5|0.1|random|0.8|random|0.3|False|62|0.6812374591827393|105.0|102.2
15|100|random|20|0.5|0.1|random|0.8|random|0.3|False|53|0.6074333190917969|105.0|101.35
15|100|random|20|0.5|0.1|random|0.8|random|0.3|False|10|0.1312558650970459|105.0|98.47
15|100|random|20|0.5|0.1|random|0.8|random|0.3|False|1565|18.108485221862793|105.0|101.76
15|100|random|20|0.5|0.1|random|0.8|random|0.3|False|92|1.0658385753631592|105.0|101.85
15|100|random|20|0.5|0.1|random|0.8|random|0.3|False|1093|13.61761999130249|105.0|101.67
15|100|random|20|0.5|0.1|random|0.8|random|0.3|False|27|0.3272976875305176|105.0|101.6
15|100|random|20|0.5|0.1|random|0.8|random|0.3|False|107|1.2033584117889404|105.0|101.96
15|100|random|20|0.5|0.1|random|0.8|random|0.3|False|1063|11.739532232284546|105.0|101.98
15|100|random|20|0.5|0.1|random|0.8|random|0.3|False|232|2.51636004447937|105.0|102.32
15|100|random|20|0.5|0.1|random|0.8|random|0.3|False|16|0.1947336196899414|105.0|102.3
15|100|random|20|0.5|0.1|random|0.8|random|0.3|False|43|0.4898979663848877|105.0|102.52
15|100|random|20|0.5|0.1|random|0.8|random|0.3|False|28|0.3264017105102539|105.0|102.31
15|100|random|20|0.5|0.1|random|0.8|random|0.3|False|19|0.2315661907196045|105.0|101.14
15|100|random|20|0.5|0.1|random|0.8|random|0.3|False|44|0.49927687644958496|105.0|101.87
15|100|random|20|0.5|0.1|random|0.8|random|0.3|False|948|10.2012357711792|105.0|102.18
15|100|random|20|0.5|0.1|random|0.8|random|0.3|False|111|1.2170946598052979|105.0|101.65
15|100|random|20|0.5|0.1|random|0.8|random|0.3|False|155|1.703113317489624|105.0|102.14
15|100|random|20|0.5|0.1|random|0.8|random|0.3|False|31|0.3520519733428955|105.0|100.81
15|100|random|20|0.5|0.1|random|0.8|random|0.3|False|70|0.7746264934539795|105.0|102.18
15|100|random|20|0.5|0.1|random|0.8|random|0.3|False|25|0.30367302894592285|105.0|102.22
15|100|random|20|0.5|0.1|random|0.8|random|0.3|False|17|0.21357131004333496|105.0|100.23
15|100|random|20|0.5|0.1|random|0.8|random|0.3|False|126|1.4096858501434326|105.0|102.89
15|100|random|20|0.5|0.1|random|0.8|random|0.3|False|159|1.7401485443115234|105.0|102.23
15|100|random|20|0.5|0.1|random|0.8|random|0.3|False|2133|23.725597620010376|105.0|102.24
15|100|random|20|0.5|0.1|random|0.8|random|0.3|False|493|5.554897308349609|105.0|101.61
15|100|random|20|0.5|0.1|random|0.8|random|0.3|False|65|0.7500340938568115|105.0|102.27
15|100|random|20|0.5|0.1|random|0.8|random|0.3|False|234|2.6111793518066406|105.0|102.19
15|100|random|20|0.5|0.1|random|0.8|random|0.3|False|43|0.5027108192443848|105.0|101.64
15|100|random|20|0.5|0.1|random|0.8|random|0.3|False|14|0.16745543479919434|105.0|101.6
15|100|random|20|0.5|0.1|random|0.8|random|0.3|False|10000|120.37462973594666|104.0|102.59
15|100|random|20|0.5|0.1|random|0.8|random|0.3|False|91|1.0433998107910156|105.0|102.65
15|100|random|20|0.5|0.1|random|0.8|random|0.3|False|801|9.338421821594238|105.0|102.75
15|100|random|20|0.5|0.1|random|0.8|random|0.3|False|113|1.3710355758666992|105.0|102.09
15|100|random|20|0.5|0.1|random|0.8|random|0.3|False|2329|30.201342344284058|105.0|101.34
15|100|random|20|0.5|0.1|random|0.8|random|0.3|False|94|1.4014286994934082|105.0|102.35
15|100|random|20|0.5|0.1|random|0.8|random|0.3|False|15|0.20252466201782227|105.0|100.97
15|100|random|20|0.5|0.1|random|0.8|random|0.3|False|108|1.267782211303711|105.0|102.12
15|100|random|20|0.5|0.1|random|0.8|random|0.3|False|23|0.2898833751678467|105.0|100.71
15|100|random|20|0.5|0.1|random|0.8|random|0.3|False|13|0.1704881191253662|105.0|100.13
15|100|random|20|0.5|0.1|random|0.8|random|0.3|False|10|0.13963055610656738|105.0|99.17
15|100|random|20|0.5|0.1|random|0.8|random|0.3|False|1098|12.583073377609253|105.0|102.3
15|100|random|20|0.5|0.1|random|0.8|random|0.3|False|38|0.44140625|105.0|102.57
15|100|random|20|0.5|0.1|random|0.8|random|0.3|False|940|12.247479677200317|105.0|101.48
15|100|random|20|0.5|0.1|random|0.8|random|0.3|False|485|10.641964197158813|105.0|102.0
15|100|random|20|0.5|0.1|random|0.8|exchange|0.3|False|30|0.5249674320220947|105.0|102.76
15|100|random|20|0.5|0.1|random|0.8|exchange|0.3|False|13|0.21935296058654785|105.0|102.72
15|100|random|20|0.5|0.1|random|0.8|exchange|0.3|False|91|1.2923212051391602|105.0|102.98
15|100|random|20|0.5|0.1|random|0.8|exchange|0.3|False|14|0.19621682167053223|105.0|102.36
15|100|random|20|0.5|0.1|random|0.8|exchange|0.3|False|14|0.3251521587371826|105.0|100.55
15|100|random|20|0.5|0.1|random|0.8|exchange|0.3|False|103|1.5561773777008057|105.0|102.4
15|100|random|20|0.5|0.1|random|0.8|exchange|0.3|False|1077|11.851567029953003|105.0|102.14
15|100|random|20|0.5|0.1|random|0.8|exchange|0.3|False|23|0.24538898468017578|105.0|102.82
15|100|random|20|0.5|0.1|random|0.8|exchange|0.3|False|16|0.17563152313232422|105.0|102.67
15|100|random|20|0.5|0.1|random|0.8|exchange|0.3|False|81|0.81427001953125|105.0|102.49
15|100|random|20|0.5|0.1|random|0.8|exchange|0.3|False|21|0.22583842277526855|105.0|102.2
15|100|random|20|0.5|0.1|random|0.8|exchange|0.3|False|35|0.3743617534637451|105.0|102.57
15|100|random|20|0.5|0.1|random|0.8|exchange|0.3|False|10|0.10639357566833496|105.0|101.06
15|100|random|20|0.5|0.1|random|0.8|exchange|0.3|False|25|0.2607614994049072|105.0|102.3
15|100|random|20|0.5|0.1|random|0.8|exchange|0.3|False|26|0.27533650398254395|105.0|101.67
15|100|random|20|0.5|0.1|random|0.8|exchange|0.3|False|590|5.850970029830933|105.0|102.65
15|100|random|20|0.5|0.1|random|0.8|exchange|0.3|False|6|0.07164978981018066|105.0|100.08
15|100|random|20|0.5|0.1|random|0.8|exchange|0.3|False|26|0.2742316722869873|105.0|102.98
15|100|random|20|0.5|0.1|random|0.8|exchange|0.3|False|102|1.0044641494750977|105.0|102.83
15|100|random|20|0.5|0.1|random|0.8|exchange|0.3|False|1960|20.922242164611816|105.0|102.33
15|100|random|20|0.5|0.1|random|0.8|exchange|0.3|False|50|0.6268939971923828|105.0|102.73
15|100|random|20|0.5|0.1|random|0.8|exchange|0.3|False|235|2.477954387664795|105.0|102.58
15|100|random|20|0.5|0.1|random|0.8|exchange|0.3|False|192|2.237273693084717|105.0|102.97
15|100|random|20|0.5|0.1|random|0.8|exchange|0.3|False|25|0.2764437198638916|105.0|102.21
15|100|random|20|0.5|0.1|random|0.8|exchange|0.3|False|20|0.2244129180908203|105.0|102.28
15|100|random|20|0.5|0.1|random|0.8|exchange|0.3|False|221|2.206489324569702|105.0|102.43
15|100|random|20|0.5|0.1|random|0.8|exchange|0.3|False|500|5.018542051315308|105.0|101.71
15|100|random|20|0.5|0.1|random|0.8|exchange|0.3|False|30|0.3080713748931885|105.0|102.5
15|100|random|20|0.5|0.1|random|0.8|exchange|0.3|False|64|0.6519510746002197|105.0|102.46
15|100|random|20|0.5|0.1|random|0.8|exchange|0.3|False|62|0.6455268859863281|105.0|102.79
15|100|random|20|0.5|0.1|random|0.8|exchange|0.3|False|26|0.26804065704345703|105.0|102.57
15|100|random|20|0.5|0.1|random|0.8|exchange|0.3|False|492|4.875386714935303|105.0|102.74
15|100|random|20|0.5|0.1|random|0.8|exchange|0.3|False|20|0.22297215461730957|105.0|102.12
15|100|random|20|0.5|0.1|random|0.8|exchange|0.3|False|13|0.1429288387298584|105.0|101.03
15|100|random|20|0.5|0.1|random|0.8|exchange|0.3|False|148|1.4858753681182861|105.0|102.43
15|100|random|20|0.5|0.1|random|0.8|exchange|0.3|False|150|1.4699110984802246|105.0|102.6
15|100|random|20|0.5|0.1|random|0.8|exchange|0.3|False|39|0.40003442764282227|105.0|102.27
15|100|random|20|0.5|0.1|random|0.8|exchange|0.3|False|99|0.9956231117248535|105.0|102.01
15|100|random|20|0.5|0.1|random|0.8|exchange|0.3|False|41|0.4257843494415283|105.0|101.55
15|100|random|20|0.5|0.1|random|0.8|exchange|0.3|False|675|6.652178049087524|105.0|102.23
15|100|random|20|0.5|0.1|random|0.8|exchange|0.3|False|107|1.0580544471740723|105.0|102.43
15|100|random|20|0.5|0.1|random|0.8|exchange|0.3|False|22|0.23023676872253418|105.0|102.17
15|100|random|20|0.5|0.1|random|0.8|exchange|0.3|False|10|0.11104035377502441|105.0|102.23
15|100|random|20|0.5|0.1|random|0.8|exchange|0.3|False|97|0.9491677284240723|105.0|102.89
15|100|random|20|0.5|0.1|random|0.8|exchange|0.3|False|224|2.227531909942627|105.0|103.04
15|100|random|20|0.5|0.1|random|0.8|exchange|0.3|False|50|0.512183427810669|105.0|102.7
15|100|random|20|0.5|0.1|random|0.8|exchange|0.3|False|269|2.6708266735076904|105.0|102.29
15|100|random|20|0.5|0.1|random|0.8|exchange|0.3|False|698|6.8085081577301025|105.0|102.49
15|100|random|20|0.5|0.1|random|0.8|exchange|0.3|False|33|0.33583498001098633|105.0|102.4
15|100|random|20|0.5|0.1|random|0.8|exchange|0.3|False|740|7.273850440979004|105.0|101.92
15|100|random|20|0.5|0.1|random|0.8|exchange|0.3|False|24|0.2574644088745117|105.0|101.65
15|100|random|20|0.5|0.1|random|0.8|exchange|0.3|False|352|3.4762818813323975|105.0|102.68
15|100|random|20|0.5|0.1|random|0.8|exchange|0.3|False|60|0.6116139888763428|105.0|102.5
15|100|random|20|0.5|0.1|random|0.8|exchange|0.3|False|52|0.5190956592559814|105.0|102.84
15|100|random|20|0.5|0.1|random|0.8|exchange|0.3|False|19|0.20702028274536133|105.0|102.26
15|100|random|20|0.5|0.1|random|0.8|exchange|0.3|False|152|1.5246522426605225|105.0|102.23
15|100|random|20|0.5|0.1|random|0.8|exchange|0.3|False|33|0.37884020805358887|105.0|102.58
15|100|random|20|0.5|0.1|random|0.8|exchange|0.3|False|14|0.16289758682250977|105.0|100.17
15|100|random|20|0.5|0.1|random|0.8|exchange|0.3|False|348|3.4749369621276855|105.0|102.64
15|100|random|20|0.5|0.1|random|0.8|exchange|0.3|False|150|1.4942851066589355|105.0|102.7
15|100|random|20|0.5|0.1|random|0.8|exchange|0.3|False|39|0.41540002822875977|105.0|102.51
15|100|random|20|0.5|0.1|random|0.8|exchange|0.3|False|151|1.5283396244049072|105.0|102.98
15|100|random|20|0.5|0.1|random|0.8|exchange|0.3|False|60|0.6085891723632812|105.0|102.89
15|100|random|20|0.5|0.1|random|0.8|exchange|0.3|False|30|0.3281707763671875|105.0|102.39
15|100|random|20|0.5|0.1|random|0.8|exchange|0.3|False|52|0.5067627429962158|105.0|103.08
15|100|random|20|0.5|0.1|random|0.8|exchange|0.3|False|300|3.139265298843384|105.0|102.85
15|100|random|20|0.5|0.1|random|0.8|exchange|0.3|False|17|0.1867532730102539|105.0|102.57
15|100|random|20|0.5|0.1|random|0.8|exchange|0.3|False|24|0.26265478134155273|105.0|103.3
15|100|random|20|0.5|0.1|random|0.8|exchange|0.3|False|27|0.2854149341583252|105.0|101.91
15|100|random|20|0.5|0.1|random|0.8|exchange|0.3|False|33|0.33831143379211426|105.0|102.45
15|100|random|20|0.5|0.1|random|0.8|exchange|0.3|False|270|2.7872910499572754|105.0|102.4
15|100|random|20|0.5|0.1|random|0.8|exchange|0.3|False|767|7.6839599609375|105.0|102.39
15|100|random|20|0.5|0.1|random|0.8|exchange|0.3|False|81|0.8204283714294434|105.0|102.42
15|100|random|20|0.5|0.1|random|0.8|exchange|0.3|False|7|0.08697080612182617|105.0|99.24
15|100|random|20|0.5|0.1|random|0.8|exchange|0.3|False|99|0.981365442276001|105.0|102.97
15|100|random|20|0.5|0.1|random|0.8|exchange|0.3|False|37|0.39812231063842773|105.0|102.61
15|100|random|20|0.5|0.1|random|0.8|exchange|0.3|False|61|0.6208810806274414|105.0|102.74
15|100|random|20|0.5|0.1|random|0.8|exchange|0.3|False|20|0.22817206382751465|105.0|102.26
15|100|random|20|0.5|0.1|random|0.8|exchange|0.3|False|13|0.14643645286560059|105.0|99.87
15|100|random|20|0.5|0.1|random|0.8|exchange|0.3|False|1159|11.454102039337158|105.0|102.58
15|100|random|20|0.5|0.1|random|0.8|exchange|0.3|False|22|0.23961734771728516|105.0|102.78
15|100|random|20|0.5|0.1|random|0.8|exchange|0.3|False|34|0.3512108325958252|105.0|102.71
15|100|random|20|0.5|0.1|random|0.8|exchange|0.3|False|222|2.4875879287719727|105.0|102.49
15|100|random|20|0.5|0.1|random|0.8|exchange|0.3|False|63|0.7292358875274658|105.0|102.29
15|100|random|20|0.5|0.1|random|0.8|exchange|0.3|False|16|0.34279370307922363|105.0|102.73
15|100|random|20|0.5|0.1|random|0.8|exchange|0.3|False|13|0.21036529541015625|105.0|103.19
15|100|random|20|0.5|0.1|random|0.8|exchange|0.3|False|52|0.5350430011749268|105.0|102.4
15|100|random|20|0.5|0.1|random|0.8|exchange|0.3|False|44|0.4514045715332031|105.0|102.51
15|100|random|20|0.5|0.1|random|0.8|exchange|0.3|False|13|0.24123764038085938|105.0|101.49
15|100|random|20|0.5|0.1|random|0.8|exchange|0.3|False|67|0.8137087821960449|105.0|102.43
15|100|random|20|0.5|0.1|random|0.8|exchange|0.3|False|17|0.1773386001586914|105.0|102.71
15|100|random|20|0.5|0.1|random|0.8|exchange|0.3|False|192|2.1750898361206055|105.0|102.77
15|100|random|20|0.5|0.1|random|0.8|exchange|0.3|False|27|0.2927250862121582|105.0|102.45
15|100|random|20|0.5|0.1|random|0.8|exchange|0.3|False|46|0.4655618667602539|105.0|102.91
15|100|random|20|0.5|0.1|random|0.8|exchange|0.3|False|17|0.1813366413116455|105.0|102.5
15|100|random|20|0.5|0.1|random|0.8|exchange|0.3|False|34|0.34117579460144043|105.0|102.58
15|100|random|20|0.5|0.1|random|0.8|exchange|0.3|False|9|0.10139298439025879|105.0|100.48
15|100|random|20|0.5|0.1|random|0.8|exchange|0.3|False|17|0.1818854808807373|105.0|100.65
15|100|random|20|0.5|0.1|random|0.8|exchange|0.3|False|3|0.0427243709564209|105.0|99.3
15|100|random|20|0.5|0.1|random|0.8|exchange|0.3|False|108|1.076568365097046|105.0|102.51
15|100|random|20|0.5|0.1|random|0.8|scramble|0.3|False|25|0.2719414234161377|105.0|102.78
15|100|random|20|0.5|0.1|random|0.8|scramble|0.3|False|398|3.9828953742980957|105.0|102.33
15|100|random|20|0.5|0.1|random|0.8|scramble|0.3|False|1893|18.843568563461304|105.0|102.1
15|100|random|20|0.5|0.1|random|0.8|scramble|0.3|False|268|2.6844098567962646|105.0|102.33
15|100|random|20|0.5|0.1|random|0.8|scramble|0.3|False|373|3.740647792816162|105.0|102.71
15|100|random|20|0.5|0.1|random|0.8|scramble|0.3|False|22|0.23975443840026855|105.0|101.76
15|100|random|20|0.5|0.1|random|0.8|scramble|0.3|False|122|1.2408268451690674|105.0|103.12
15|100|random|20|0.5|0.1|random|0.8|scramble|0.3|False|36|0.3862450122833252|105.0|102.57
15|100|random|20|0.5|0.1|random|0.8|scramble|0.3|False|10|0.10907793045043945|105.0|100.03
15|100|random|20|0.5|0.1|random|0.8|scramble|0.3|False|37|0.3985013961791992|105.0|102.35
15|100|random|20|0.5|0.1|random|0.8|scramble|0.3|False|10000|104.83295798301697|104.0|100.8
15|100|random|20|0.5|0.1|random|0.8|scramble|0.3|False|2574|26.488489389419556|105.0|102.04
15|100|random|20|0.5|0.1|random|0.8|scramble|0.3|False|1|0.01829385757446289|105.0|97.11
15|100|random|20|0.5|0.1|random|0.8|scramble|0.3|False|5496|57.87662649154663|105.0|102.86
15|100|random|20|0.5|0.1|random|0.8|scramble|0.3|False|10|0.11607003211975098|105.0|100.37
15|100|random|20|0.5|0.1|random|0.8|scramble|0.3|False|711|7.079306364059448|105.0|102.0
15|100|random|20|0.5|0.1|random|0.8|scramble|0.3|False|762|7.689748048782349|105.0|101.13
15|100|random|20|0.5|0.1|random|0.8|scramble|0.3|False|64|0.6660792827606201|105.0|101.74
15|100|random|20|0.5|0.1|random|0.8|scramble|0.3|False|233|2.360412359237671|105.0|101.69
15|100|random|20|0.5|0.1|random|0.8|scramble|0.3|False|1620|17.531599521636963|105.0|102.12
15|100|random|20|0.5|0.1|random|0.8|scramble|0.3|False|199|2.0280601978302|105.0|101.93
15|100|random|20|0.5|0.1|random|0.8|scramble|0.3|False|353|3.8087198734283447|105.0|102.49
15|100|random|20|0.5|0.1|random|0.8|scramble|0.3|False|104|1.0607459545135498|105.0|101.41
15|100|random|20|0.5|0.1|random|0.8|scramble|0.3|False|10000|111.86353898048401|104.0|101.66
15|100|random|20|0.5|0.1|random|0.8|scramble|0.3|False|4|0.04934978485107422|105.0|99.23
15|100|random|20|0.5|0.1|random|0.8|scramble|0.3|False|232|2.416416645050049|105.0|101.75
15|100|random|20|0.5|0.1|random|0.8|scramble|0.3|False|621|7.167488098144531|105.0|101.59
15|100|random|20|0.5|0.1|random|0.8|scramble|0.3|False|493|6.2882914543151855|105.0|102.43
15|100|random|20|0.5|0.1|random|0.8|scramble|0.3|False|81|0.9136202335357666|105.0|101.97
15|100|random|20|0.5|0.1|random|0.8|scramble|0.3|False|95|0.9798886775970459|105.0|101.98
15|100|random|20|0.5|0.1|random|0.8|scramble|0.3|False|2736|29.404447317123413|105.0|101.59
15|100|random|20|0.5|0.1|random|0.8|scramble|0.3|False|29|0.35080432891845703|105.0|101.59
15|100|random|20|0.5|0.1|random|0.8|scramble|0.3|False|1991|20.72624397277832|105.0|102.09
15|100|random|20|0.5|0.1|random|0.8|scramble|0.3|False|65|0.6655898094177246|105.0|103.13
15|100|random|20|0.5|0.1|random|0.8|scramble|0.3|False|386|3.9161996841430664|105.0|102.64
15|100|random|20|0.5|0.1|random|0.8|scramble|0.3|False|4332|44.969080686569214|105.0|102.16
15|100|random|20|0.5|0.1|random|0.8|scramble|0.3|False|10|0.12694549560546875|105.0|99.61
15|100|random|20|0.5|0.1|random|0.8|scramble|0.3|False|353|3.565312147140503|105.0|102.02
15|100|random|20|0.5|0.1|random|0.8|scramble|0.3|False|361|4.031455755233765|105.0|101.79
15|100|random|20|0.5|0.1|random|0.8|scramble|0.3|False|976|11.573839902877808|105.0|101.62
15|100|random|20|0.5|0.1|random|0.8|scramble|0.3|False|5759|58.06377053260803|105.0|102.02
15|100|random|20|0.5|0.1|random|0.8|scramble|0.3|False|2779|29.634977102279663|105.0|101.93
15|100|random|20|0.5|0.1|random|0.8|scramble|0.3|False|8104|90.50100374221802|105.0|101.89
15|100|random|20|0.5|0.1|random|0.8|scramble|0.3|False|2121|22.37311625480652|105.0|102.33
15|100|random|20|0.5|0.1|random|0.8|scramble|0.3|False|10000|104.53857636451721|104.0|102.9
15|100|random|20|0.5|0.1|random|0.8|scramble|0.3|False|534|5.559248924255371|105.0|102.16
15|100|random|20|0.5|0.1|random|0.8|scramble|0.3|False|542|5.712190628051758|105.0|101.01
15|100|random|20|0.5|0.1|random|0.8|scramble|0.3|False|3444|35.83643627166748|105.0|101.86
15|100|random|20|0.5|0.1|random|0.8|scramble|0.3|False|602|6.272590398788452|105.0|102.63
15|100|random|20|0.5|0.1|random|0.8|scramble|0.3|False|54|0.5804123878479004|105.0|101.43
15|100|random|20|0.5|0.1|random|0.8|scramble|0.3|False|10|0.11920332908630371|105.0|99.99
15|100|random|20|0.5|0.1|random|0.8|scramble|0.3|False|335|3.471949815750122|105.0|102.47
15|100|random|20|0.5|0.1|random|0.8|scramble|0.3|False|1838|19.10262441635132|105.0|101.46
15|100|random|20|0.5|0.1|random|0.8|scramble|0.3|False|6034|62.74373197555542|105.0|101.51
15|100|random|20|0.5|0.1|random|0.8|scramble|0.3|False|2568|26.554441690444946|105.0|101.91
15|100|random|20|0.5|0.1|random|0.8|scramble|0.3|False|67|0.7140789031982422|105.0|101.95
15|100|random|20|0.5|0.1|random|0.8|scramble|0.3|False|7195|76.33914828300476|105.0|101.59
15|100|random|20|0.5|0.1|random|0.8|scramble|0.3|False|10000|104.06046485900879|104.0|101.65
15|100|random|20|0.5|0.1|random|0.8|scramble|0.3|False|2176|22.7285578250885|105.0|102.53
15|100|random|20|0.5|0.1|random|0.8|scramble|0.3|False|185|2.095526695251465|105.0|101.62
15|100|random|20|0.5|0.1|random|0.8|scramble|0.3|False|399|4.294009447097778|105.0|102.67
15|100|random|20|0.5|0.1|random|0.8|scramble|0.3|False|1301|13.943485736846924|105.0|102.66
15|100|random|20|0.5|0.1|random|0.8|scramble|0.3|False|3318|41.652297019958496|105.0|102.81
15|100|random|20|0.5|0.1|random|0.8|scramble|0.3|False|201|2.9131178855895996|105.0|101.7
15|100|random|20|0.5|0.1|random|0.8|scramble|0.3|False|7721|116.71607995033264|105.0|101.92
15|100|random|20|0.5|0.1|random|0.8|scramble|0.3|False|11|0.1891937255859375|105.0|100.52
15|100|random|20|0.5|0.1|random|0.8|scramble|0.3|False|172|2.6764793395996094|105.0|102.55
15|100|random|20|0.5|0.1|random|0.8|scramble|0.3|False|15|0.2603898048400879|105.0|100.39
15|100|random|20|0.5|0.1|random|0.8|scramble|0.3|False|18|0.2844080924987793|105.0|101.84
15|100|random|20|0.5|0.1|random|0.8|scramble|0.3|False|33|0.5065176486968994|105.0|102.06
15|100|random|20|0.5|0.1|random|0.8|scramble|0.3|False|1682|25.118265867233276|105.0|102.11
15|100|random|20|0.5|0.1|random|0.8|scramble|0.3|False|156|2.37210750579834|105.0|102.29
15|100|random|20|0.5|0.1|random|0.8|scramble|0.3|False|2161|32.765557289123535|105.0|102.63
15|100|random|20|0.5|0.1|random|0.8|scramble|0.3|False|2021|30.529270887374878|105.0|102.54
15|100|random|20|0.5|0.1|random|0.8|scramble|0.3|False|1434|21.748496055603027|105.0|101.9
15|100|random|20|0.5|0.1|random|0.8|scramble|0.3|False|404|5.880031108856201|105.0|102.38
15|100|random|20|0.5|0.1|random|0.8|scramble|0.3|False|1161|17.337478160858154|105.0|102.22
15|100|random|20|0.5|0.1|random|0.8|scramble|0.3|False|7972|115.00513648986816|105.0|101.99
15|100|random|20|0.5|0.1|random|0.8|scramble|0.3|False|10000|150.56501936912537|104.0|102.02
15|100|random|20|0.5|0.1|random|0.8|scramble|0.3|False|228|3.38633131980896|105.0|101.99
15|100|random|20|0.5|0.1|random|0.8|scramble|0.3|False|4252|47.15053415298462|105.0|102.46
15|100|random|20|0.5|0.1|random|0.8|scramble|0.3|False|10000|100.61577582359314|104.0|102.02
15|100|random|20|0.5|0.1|random|0.8|scramble|0.3|False|505|5.035542726516724|105.0|101.57
15|100|random|20|0.5|0.1|random|0.8|scramble|0.3|False|33|0.34621381759643555|105.0|100.0
15|100|random|20|0.5|0.1|random|0.8|scramble|0.3|False|402|4.029727458953857|105.0|102.74
15|100|random|20|0.5|0.1|random|0.8|scramble|0.3|False|209|2.1135053634643555|105.0|102.1
15|100|random|20|0.5|0.1|random|0.8|scramble|0.3|False|629|6.312166213989258|105.0|103.07
15|100|random|20|0.5|0.1|random|0.8|scramble|0.3|False|1709|20.615264177322388|105.0|102.29
15|100|random|20|0.5|0.1|random|0.8|scramble|0.3|False|109|1.1230859756469727|105.0|101.72
15|100|random|20|0.5|0.1|random|0.8|scramble|0.3|False|15|0.16531133651733398|105.0|101.14
15|100|random|20|0.5|0.1|random|0.8|scramble|0.3|False|37|0.3820319175720215|105.0|102.4
15|100|random|20|0.5|0.1|random|0.8|scramble|0.3|False|14|0.14891266822814941|105.0|101.57
15|100|random|20|0.5|0.1|random|0.8|scramble|0.3|False|10000|99.81443524360657|104.0|102.57
15|100|random|20|0.5|0.1|random|0.8|scramble|0.3|False|10000|107.46367192268372|104.0|102.04
15|100|random|20|0.5|0.1|random|0.8|scramble|0.3|False|7108|85.57492232322693|105.0|102.58
15|100|random|20|0.5|0.1|random|0.8|scramble|0.3|False|1713|17.670687913894653|105.0|102.22
15|100|random|20|0.5|0.1|random|0.8|scramble|0.3|False|201|2.1161742210388184|105.0|102.22
15|100|random|20|0.5|0.1|random|0.8|scramble|0.3|False|92|0.9811441898345947|105.0|102.31
15|100|random|20|0.5|0.1|random|0.8|scramble|0.3|False|105|1.1167163848876953|105.0|102.15
15|100|random|20|0.5|0.1|random|0.8|scramble|0.3|False|459|4.768841505050659|105.0|102.11
15|100|random|20|0.5|0.1|random|0.8|displacement|0.3|False|80|0.9621186256408691|105.0|102.45
15|100|random|20|0.5|0.1|random|0.8|displacement|0.3|False|761|8.939324140548706|105.0|101.97
15|100|random|20|0.5|0.1|random|0.8|displacement|0.3|False|194|2.322171926498413|105.0|102.42
15|100|random|20|0.5|0.1|random|0.8|displacement|0.3|False|411|4.86918568611145|105.0|101.54
15|100|random|20|0.5|0.1|random|0.8|displacement|0.3|False|5|0.07054328918457031|105.0|99.0
15|100|random|20|0.5|0.1|random|0.8|displacement|0.3|False|33|0.41210055351257324|105.0|101.9
15|100|random|20|0.5|0.1|random|0.8|displacement|0.3|False|196|2.3302903175354004|105.0|101.3
15|100|random|20|0.5|0.1|random|0.8|displacement|0.3|False|375|4.445218324661255|105.0|101.98
15|100|random|20|0.5|0.1|random|0.8|displacement|0.3|False|2358|27.72860288619995|105.0|101.66
15|100|random|20|0.5|0.1|random|0.8|displacement|0.3|False|39|0.4614741802215576|105.0|101.41
15|100|random|20|0.5|0.1|random|0.8|displacement|0.3|False|2080|24.45974087715149|105.0|102.7
15|100|random|20|0.5|0.1|random|0.8|displacement|0.3|False|78|1.0008881092071533|105.0|102.29
15|100|random|20|0.5|0.1|random|0.8|displacement|0.3|False|13|0.16601014137268066|105.0|101.07
15|100|random|20|0.5|0.1|random|0.8|displacement|0.3|False|170|1.9955689907073975|105.0|100.88
15|100|random|20|0.5|0.1|random|0.8|displacement|0.3|False|821|9.82957649230957|105.0|101.89
15|100|random|20|0.5|0.1|random|0.8|displacement|0.3|False|18|0.23490023612976074|105.0|98.75
15|100|random|20|0.5|0.1|random|0.8|displacement|0.3|False|572|6.849100828170776|105.0|102.67
15|100|random|20|0.5|0.1|random|0.8|displacement|0.3|False|10000|116.6345796585083|104.0|102.05
15|100|random|20|0.5|0.1|random|0.8|displacement|0.3|False|339|3.9757089614868164|105.0|101.13
15|100|random|20|0.5|0.1|random|0.8|displacement|0.3|False|2708|31.2998104095459|105.0|102.15
15|100|random|20|0.5|0.1|random|0.8|displacement|0.3|False|7565|89.9677221775055|105.0|102.11
15|100|random|20|0.5|0.1|random|0.8|displacement|0.3|False|10000|115.64522624015808|104.0|101.99
15|100|random|20|0.5|0.1|random|0.8|displacement|0.3|False|1067|12.856112003326416|105.0|101.36
15|100|random|20|0.5|0.1|random|0.8|displacement|0.3|False|10000|119.40221452713013|104.0|102.25
15|100|random|20|0.5|0.1|random|0.8|displacement|0.3|False|17|0.20949029922485352|105.0|99.11
15|100|random|20|0.5|0.1|random|0.8|displacement|0.3|False|71|0.8200156688690186|105.0|101.99
15|100|random|20|0.5|0.1|random|0.8|displacement|0.3|False|3793|42.432026863098145|105.0|102.74
15|100|random|20|0.5|0.1|random|0.8|displacement|0.3|False|1068|11.995613098144531|105.0|101.43
15|100|random|20|0.5|0.1|random|0.8|displacement|0.3|False|54|0.6353895664215088|105.0|101.68
15|100|random|20|0.5|0.1|random|0.8|displacement|0.3|False|1214|13.629339218139648|105.0|102.25
15|100|random|20|0.5|0.1|random|0.8|displacement|0.3|False|104|1.19008207321167|105.0|101.71
15|100|random|20|0.5|0.1|random|0.8|displacement|0.3|False|1113|12.577590942382812|105.0|102.29
15|100|random|20|0.5|0.1|random|0.8|displacement|0.3|False|740|8.334420680999756|105.0|101.84
15|100|random|20|0.5|0.1|random|0.8|displacement|0.3|False|6982|77.95513105392456|105.0|101.07
15|100|random|20|0.5|0.1|random|0.8|displacement|0.3|False|2010|23.1171772480011|105.0|101.57
15|100|random|20|0.5|0.1|random|0.8|displacement|0.3|False|800|8.957356929779053|105.0|102.07
15|100|random|20|0.5|0.1|random|0.8|displacement|0.3|False|201|2.2702794075012207|105.0|101.77
15|100|random|20|0.5|0.1|random|0.8|displacement|0.3|False|124|1.4213168621063232|105.0|102.31
15|100|random|20|0.5|0.1|random|0.8|displacement|0.3|False|41|0.4865708351135254|105.0|101.01
15|100|random|20|0.5|0.1|random|0.8|displacement|0.3|False|7|0.09072327613830566|105.0|99.74
15|100|random|20|0.5|0.1|random|0.8|displacement|0.3|False|2580|28.98189949989319|105.0|102.07
15|100|random|20|0.5|0.1|random|0.8|displacement|0.3|False|2311|25.893849849700928|105.0|101.43
15|100|random|20|0.5|0.1|random|0.8|displacement|0.3|False|1993|22.58816909790039|105.0|102.09
15|100|random|20|0.5|0.1|random|0.8|displacement|0.3|False|128|1.4457194805145264|105.0|101.68
15|100|random|20|0.5|0.1|random|0.8|displacement|0.3|False|6136|71.2553939819336|105.0|101.8
15|100|random|20|0.5|0.1|random|0.8|displacement|0.3|False|638|7.244922876358032|105.0|100.99
15|100|random|20|0.5|0.1|random|0.8|displacement|0.3|False|4782|54.23390221595764|105.0|101.84
15|100|random|20|0.5|0.1|random|0.8|displacement|0.3|False|95|1.1201682090759277|105.0|101.39
15|100|random|20|0.5|0.1|random|0.8|displacement|0.3|False|147|1.7056665420532227|105.0|101.92
15|100|random|20|0.5|0.1|random|0.8|displacement|0.3|False|814|9.268641471862793|105.0|102.48
15|100|random|20|0.5|0.1|random|0.8|displacement|0.3|False|2220|25.1736102104187|105.0|102.14
15|100|random|20|0.5|0.1|random|0.8|displacement|0.3|False|17|0.20827937126159668|105.0|101.8
15|100|random|20|0.5|0.1|random|0.8|displacement|0.3|False|84|0.9973864555358887|105.0|101.76
15|100|random|20|0.5|0.1|random|0.8|displacement|0.3|False|394|4.501160144805908|105.0|101.92
15|100|random|20|0.5|0.1|random|0.8|displacement|0.3|False|2103|24.503788471221924|105.0|101.53
15|100|random|20|0.5|0.1|random|0.8|displacement|0.3|False|898|10.532481908798218|105.0|101.85
15|100|random|20|0.5|0.1|random|0.8|displacement|0.3|False|425|5.036043643951416|105.0|102.64
15|100|random|20|0.5|0.1|random|0.8|displacement|0.3|False|40|0.5152196884155273|105.0|101.39
15|100|random|20|0.5|0.1|random|0.8|displacement|0.3|False|5666|67.13485431671143|105.0|102.1
15|100|random|20|0.5|0.1|random|0.8|displacement|0.3|False|6691|78.84627056121826|105.0|100.53
15|100|random|20|0.5|0.1|random|0.8|displacement|0.3|False|2517|29.66401743888855|105.0|101.91
15|100|random|20|0.5|0.1|random|0.8|displacement|0.3|False|15|0.1946706771850586|105.0|100.61
15|100|random|20|0.5|0.1|random|0.8|displacement|0.3|False|15|0.19911575317382812|105.0|100.45
15|100|random|20|0.5|0.1|random|0.8|displacement|0.3|False|46|0.5773491859436035|105.0|102.53
15|100|random|20|0.5|0.1|random|0.8|displacement|0.3|False|10000|118.47615504264832|104.0|102.01
15|100|random|20|0.5|0.1|random|0.8|displacement|0.3|False|593|7.025700330734253|105.0|102.03
15|100|random|20|0.5|0.1|random|0.8|displacement|0.3|False|311|3.6717965602874756|105.0|102.2
15|100|random|20|0.5|0.1|random|0.8|displacement|0.3|False|1875|22.17053461074829|105.0|102.15
15|100|random|20|0.5|0.1|random|0.8|displacement|0.3|False|4641|76.76020908355713|105.0|101.83
15|100|random|20|0.5|0.1|random|0.8|displacement|0.3|False|872|18.1384494304657|105.0|102.1
15|100|random|20|0.5|0.1|random|0.8|displacement|0.3|False|381|4.413492202758789|105.0|102.44
15|100|random|20|0.5|0.1|random|0.8|displacement|0.3|False|282|3.8252346515655518|105.0|102.2
15|100|random|20|0.5|0.1|random|0.8|displacement|0.3|False|52|0.8750514984130859|105.0|101.7
15|100|random|20|0.5|0.1|random|0.8|displacement|0.3|False|571|7.265963554382324|105.0|102.16
15|100|random|20|0.5|0.1|random|0.8|displacement|0.3|False|2236|36.39512062072754|105.0|102.05
15|100|random|20|0.5|0.1|random|0.8|displacement|0.3|False|86|1.2336792945861816|105.0|101.73
15|100|random|20|0.5|0.1|random|0.8|displacement|0.3|False|8662|117.8041124343872|105.0|101.92
15|100|random|20|0.5|0.1|random|0.8|displacement|0.3|False|388|5.313042640686035|105.0|101.21
15|100|random|20|0.5|0.1|random|0.8|displacement|0.3|False|11|0.14516568183898926|105.0|102.34
15|100|random|20|0.5|0.1|random|0.8|displacement|0.3|False|60|0.744175910949707|105.0|101.42
15|100|random|20|0.5|0.1|random|0.8|displacement|0.3|False|11|0.14803504943847656|105.0|100.74
15|100|random|20|0.5|0.1|random|0.8|displacement|0.3|False|359|4.5256311893463135|105.0|101.83
15|100|random|20|0.5|0.1|random|0.8|displacement|0.3|False|23|0.30831289291381836|105.0|101.01
15|100|random|20|0.5|0.1|random|0.8|displacement|0.3|False|32|0.42292165756225586|105.0|100.7
15|100|random|20|0.5|0.1|random|0.8|displacement|0.3|False|9042|108.8471691608429|105.0|102.09
15|100|random|20|0.5|0.1|random|0.8|displacement|0.3|False|2948|34.90581703186035|105.0|101.59
15|100|random|20|0.5|0.1|random|0.8|displacement|0.3|False|77|0.9388220310211182|105.0|101.87
15|100|random|20|0.5|0.1|random|0.8|displacement|0.3|False|65|0.7830510139465332|105.0|100.46
15|100|random|20|0.5|0.1|random|0.8|displacement|0.3|False|2022|23.90070605278015|105.0|101.53
15|100|random|20|0.5|0.1|random|0.8|displacement|0.3|False|838|10.05632734298706|105.0|101.85
15|100|random|20|0.5|0.1|random|0.8|displacement|0.3|False|2310|27.404544830322266|105.0|101.57
15|100|random|20|0.5|0.1|random|0.8|displacement|0.3|False|21|0.2691166400909424|105.0|102.01
15|100|random|20|0.5|0.1|random|0.8|displacement|0.3|False|330|3.904971122741699|105.0|101.81
15|100|random|20|0.5|0.1|random|0.8|displacement|0.3|False|2051|24.0512855052948|105.0|101.94
15|100|random|20|0.5|0.1|random|0.8|displacement|0.3|False|5961|69.72839879989624|105.0|101.47
15|100|random|20|0.5|0.1|random|0.8|displacement|0.3|False|50|0.6244075298309326|105.0|101.76
15|100|random|20|0.5|0.1|random|0.8|displacement|0.3|False|61|0.7413651943206787|105.0|101.5
15|100|random|20|0.5|0.1|random|0.8|displacement|0.3|False|25|0.3286702632904053|105.0|100.83
15|100|random|20|0.5|0.1|random|0.8|displacement|0.3|False|10000|117.1852867603302|104.0|102.0
15|100|random|20|0.5|0.1|random|0.8|displacement|0.3|False|1802|21.341400861740112|105.0|101.7
15|100|random|20|0.5|0.1|random|0.8|insertion|0.3|False|16|0.2013094425201416|105.0|100.85
15|100|random|20|0.5|0.1|random|0.8|insertion|0.3|False|254|2.800676107406616|105.0|102.83
15|100|random|20|0.5|0.1|random|0.8|insertion|0.3|False|21|0.2424004077911377|105.0|102.36
15|100|random|20|0.5|0.1|random|0.8|insertion|0.3|False|16|0.20213627815246582|105.0|100.37
15|100|random|20|0.5|0.1|random|0.8|insertion|0.3|False|4132|45.66687798500061|105.0|102.64
15|100|random|20|0.5|0.1|random|0.8|insertion|0.3|False|119|1.3340494632720947|105.0|101.15
15|100|random|20|0.5|0.1|random|0.8|insertion|0.3|False|295|3.2487285137176514|105.0|102.4
15|100|random|20|0.5|0.1|random|0.8|insertion|0.3|False|3036|33.36947679519653|105.0|102.6
15|100|random|20|0.5|0.1|random|0.8|insertion|0.3|False|2247|24.817409992218018|105.0|102.62
15|100|random|20|0.5|0.1|random|0.8|insertion|0.3|False|15|0.17898845672607422|105.0|101.64
15|100|random|20|0.5|0.1|random|0.8|insertion|0.3|False|49|0.5691983699798584|105.0|102.29
15|100|random|20|0.5|0.1|random|0.8|insertion|0.3|False|87|0.9995360374450684|105.0|100.77
15|100|random|20|0.5|0.1|random|0.8|insertion|0.3|False|113|1.2574236392974854|105.0|102.23
15|100|random|20|0.5|0.1|random|0.8|insertion|0.3|False|57|0.6720008850097656|105.0|101.41
15|100|random|20|0.5|0.1|random|0.8|insertion|0.3|False|1030|11.63954758644104|105.0|102.56
15|100|random|20|0.5|0.1|random|0.8|insertion|0.3|False|372|4.236879825592041|105.0|102.2
15|100|random|20|0.5|0.1|random|0.8|insertion|0.3|False|3708|40.81029653549194|105.0|101.88
15|100|random|20|0.5|0.1|random|0.8|insertion|0.3|False|652|7.16573166847229|105.0|101.32
15|100|random|20|0.5|0.1|random|0.8|insertion|0.3|False|44|0.5106019973754883|105.0|101.71
15|100|random|20|0.5|0.1|random|0.8|insertion|0.3|False|31|0.3704679012298584|105.0|102.16
15|100|random|20|0.5|0.1|random|0.8|insertion|0.3|False|5955|65.78414463996887|105.0|101.7
15|100|random|20|0.5|0.1|random|0.8|insertion|0.3|False|9|0.11944770812988281|105.0|98.48
15|100|random|20|0.5|0.1|random|0.8|insertion|0.3|False|957|10.513329029083252|105.0|102.01
15|100|random|20|0.5|0.1|random|0.8|insertion|0.3|False|9627|111.18285059928894|105.0|101.64
15|100|random|20|0.5|0.1|random|0.8|insertion|0.3|False|348|3.9636964797973633|105.0|102.93
15|100|random|20|0.5|0.1|random|0.8|insertion|0.3|False|2064|24.118354320526123|105.0|101.19
15|100|random|20|0.5|0.1|random|0.8|insertion|0.3|False|251|3.6967697143554688|105.0|102.03
15|100|random|20|0.5|0.1|random|0.8|insertion|0.3|False|15|0.23173809051513672|105.0|101.31
15|100|random|20|0.5|0.1|random|0.8|insertion|0.3|False|116|1.8746438026428223|105.0|102.36
15|100|random|20|0.5|0.1|random|0.8|insertion|0.3|False|38|0.6678662300109863|105.0|101.67
15|100|random|20|0.5|0.1|random|0.8|insertion|0.3|False|49|0.7436368465423584|105.0|102.58
15|100|random|20|0.5|0.1|random|0.8|insertion|0.3|False|1091|13.376482009887695|105.0|101.92
15|100|random|20|0.5|0.1|random|0.8|insertion|0.3|False|29|0.3456096649169922|105.0|101.85
15|100|random|20|0.5|0.1|random|0.8|insertion|0.3|False|348|3.892799139022827|105.0|101.87
15|100|random|20|0.5|0.1|random|0.8|insertion|0.3|False|182|2.0140795707702637|105.0|102.5
15|100|random|20|0.5|0.1|random|0.8|insertion|0.3|False|1709|19.11199402809143|105.0|102.4
15|100|random|20|0.5|0.1|random|0.8|insertion|0.3|False|8600|103.83447527885437|105.0|101.46
15|100|random|20|0.5|0.1|random|0.8|insertion|0.3|False|10000|124.03802275657654|104.0|102.0
15|100|random|20|0.5|0.1|random|0.8|insertion|0.3|False|6070|69.79835343360901|105.0|101.21
15|100|random|20|0.5|0.1|random|0.8|insertion|0.3|False|21|0.2474195957183838|105.0|101.54
15|100|random|20|0.5|0.1|random|0.8|insertion|0.3|False|42|0.5894224643707275|105.0|101.7
15|100|random|20|0.5|0.1|random|0.8|insertion|0.3|False|391|4.767770051956177|105.0|102.46
15|100|random|20|0.5|0.1|random|0.8|insertion|0.3|False|2954|34.06388211250305|105.0|101.71
15|100|random|20|0.5|0.1|random|0.8|insertion|0.3|False|418|4.69798731803894|105.0|102.22
15|100|random|20|0.5|0.1|random|0.8|insertion|0.3|False|468|5.141320705413818|105.0|101.35
15|100|random|20|0.5|0.1|random|0.8|insertion|0.3|False|742|9.126124143600464|105.0|101.64
15|100|random|20|0.5|0.1|random|0.8|insertion|0.3|False|69|0.7544863224029541|105.0|102.26
15|100|random|20|0.5|0.1|random|0.8|insertion|0.3|False|23|0.27745866775512695|105.0|101.05
15|100|random|20|0.5|0.1|random|0.8|insertion|0.3|False|257|2.71930193901062|105.0|101.56
15|100|random|20|0.5|0.1|random|0.8|insertion|0.3|False|7|0.0835413932800293|105.0|100.82
15|100|random|20|0.5|0.1|random|0.8|insertion|0.3|False|707|7.693034410476685|105.0|101.4
15|100|random|20|0.5|0.1|random|0.8|insertion|0.3|False|304|3.5234251022338867|105.0|102.59
15|100|random|20|0.5|0.1|random|0.8|insertion|0.3|False|972|11.319965839385986|105.0|101.41
15|100|random|20|0.5|0.1|random|0.8|insertion|0.3|False|2184|27.01166033744812|105.0|102.29
15|100|random|20|0.5|0.1|random|0.8|insertion|0.3|False|15|0.19225382804870605|105.0|101.67
15|100|random|20|0.5|0.1|random|0.8|insertion|0.3|False|132|1.4800832271575928|105.0|101.65
15|100|random|20|0.5|0.1|random|0.8|insertion|0.3|False|1056|12.251134157180786|105.0|101.87
15|100|random|20|0.5|0.1|random|0.8|insertion|0.3|False|118|1.5509843826293945|105.0|102.17
15|100|random|20|0.5|0.1|random|0.8|insertion|0.3|False|339|4.27959942817688|105.0|102.45
15|100|random|20|0.5|0.1|random|0.8|insertion|0.3|False|15|0.18891048431396484|105.0|99.94
15|100|random|20|0.5|0.1|random|0.8|insertion|0.3|False|4606|54.81828236579895|105.0|102.1
15|100|random|20|0.5|0.1|random|0.8|insertion|0.3|False|16|0.20137596130371094|105.0|99.97
15|100|random|20|0.5|0.1|random|0.8|insertion|0.3|False|259|2.916018486022949|105.0|102.39
15|100|random|20|0.5|0.1|random|0.8|insertion|0.3|False|1203|14.764861106872559|105.0|101.87
15|100|random|20|0.5|0.1|random|0.8|insertion|0.3|False|357|4.160611867904663|105.0|101.71
15|100|random|20|0.5|0.1|random|0.8|insertion|0.3|False|1859|22.33715033531189|105.0|101.94
15|100|random|20|0.5|0.1|random|0.8|insertion|0.3|False|15|0.19298219680786133|105.0|100.81
15|100|random|20|0.5|0.1|random|0.8|insertion|0.3|False|29|0.3779730796813965|105.0|101.53
15|100|random|20|0.5|0.1|random|0.8|insertion|0.3|False|3873|48.27643084526062|105.0|102.17
15|100|random|20|0.5|0.1|random|0.8|insertion|0.3|False|342|4.818180561065674|105.0|102.59
15|100|random|20|0.5|0.1|random|0.8|insertion|0.3|False|162|2.0539920330047607|105.0|101.07
15|100|random|20|0.5|0.1|random|0.8|insertion|0.3|False|985|11.948357105255127|105.0|101.87
15|100|random|20|0.5|0.1|random|0.8|insertion|0.3|False|160|1.8994433879852295|105.0|102.02
15|100|random|20|0.5|0.1|random|0.8|insertion|0.3|False|1960|23.250569581985474|105.0|102.01
15|100|random|20|0.5|0.1|random|0.8|insertion|0.3|False|515|5.691308975219727|105.0|101.49
15|100|random|20|0.5|0.1|random|0.8|insertion|0.3|False|467|5.093374013900757|105.0|102.23
15|100|random|20|0.5|0.1|random|0.8|insertion|0.3|False|4298|50.26770853996277|105.0|102.23
15|100|random|20|0.5|0.1|random|0.8|insertion|0.3|False|244|2.8984317779541016|105.0|101.87
15|100|random|20|0.5|0.1|random|0.8|insertion|0.3|False|24|0.27766871452331543|105.0|101.85
15|100|random|20|0.5|0.1|random|0.8|insertion|0.3|False|2713|30.376474380493164|105.0|102.34
15|100|random|20|0.5|0.1|random|0.8|insertion|0.3|False|530|5.811994791030884|105.0|101.89
15|100|random|20|0.5|0.1|random|0.8|insertion|0.3|False|481|6.909558296203613|105.0|102.12
15|100|random|20|0.5|0.1|random|0.8|insertion|0.3|False|28|0.33643507957458496|105.0|101.96
15|100|random|20|0.5|0.1|random|0.8|insertion|0.3|False|430|5.224707841873169|105.0|101.84
15|100|random|20|0.5|0.1|random|0.8|insertion|0.3|False|170|2.6182358264923096|105.0|101.93
15|100|random|20|0.5|0.1|random|0.8|insertion|0.3|False|20|0.24333858489990234|105.0|101.31
15|100|random|20|0.5|0.1|random|0.8|insertion|0.3|False|23|0.3693888187408447|105.0|100.6
15|100|random|20|0.5|0.1|random|0.8|insertion|0.3|False|42|0.5101137161254883|105.0|102.49
15|100|random|20|0.5|0.1|random|0.8|insertion|0.3|False|270|2.942214250564575|105.0|102.46
15|100|random|20|0.5|0.1|random|0.8|insertion|0.3|False|152|1.6770830154418945|105.0|101.97
15|100|random|20|0.5|0.1|random|0.8|insertion|0.3|False|22|0.31322383880615234|105.0|102.34
15|100|random|20|0.5|0.1|random|0.8|insertion|0.3|False|305|3.4821743965148926|105.0|102.5
15|100|random|20|0.5|0.1|random|0.8|insertion|0.3|False|147|1.950143814086914|105.0|101.78
15|100|random|20|0.5|0.1|random|0.8|insertion|0.3|False|120|1.3990092277526855|105.0|102.01
15|100|random|20|0.5|0.1|random|0.8|insertion|0.3|False|140|1.7275662422180176|105.0|102.71
15|100|random|20|0.5|0.1|random|0.8|insertion|0.3|False|1538|17.533454656600952|105.0|101.85
15|100|random|20|0.5|0.1|random|0.8|insertion|0.3|False|374|4.103811740875244|105.0|102.06
15|100|random|20|0.5|0.1|random|0.8|insertion|0.3|False|10|0.12242889404296875|105.0|100.62
15|100|random|20|0.5|0.1|random|0.8|insertion|0.3|False|28|0.3307466506958008|105.0|102.35
15|100|random|20|0.5|0.1|random|0.8|insertion|0.3|False|83|0.9326550960540771|105.0|101.66
15|100|random|20|0.5|0.1|random|0.8|inversion|0.3|False|28|0.30466699600219727|105.0|102.03
15|100|random|20|0.5|0.1|random|0.8|inversion|0.3|False|51|0.5129916667938232|105.0|102.77
15|100|random|20|0.5|0.1|random|0.8|inversion|0.3|False|86|0.8818385601043701|105.0|102.68
15|100|random|20|0.5|0.1|random|0.8|inversion|0.3|False|10000|114.54977011680603|104.0|103.05
15|100|random|20|0.5|0.1|random|0.8|inversion|0.3|False|266|3.533836841583252|105.0|102.07
15|100|random|20|0.5|0.1|random|0.8|inversion|0.3|False|1779|20.803191900253296|105.0|102.29
15|100|random|20|0.5|0.1|random|0.8|inversion|0.3|False|1304|13.892683982849121|105.0|102.14
15|100|random|20|0.5|0.1|random|0.8|inversion|0.3|False|959|10.46574091911316|105.0|102.38
15|100|random|20|0.5|0.1|random|0.8|inversion|0.3|False|553|6.210058212280273|105.0|102.42
15|100|random|20|0.5|0.1|random|0.8|inversion|0.3|False|423|5.014831304550171|105.0|102.49
15|100|random|20|0.5|0.1|random|0.8|inversion|0.3|False|34|0.48369336128234863|105.0|102.59
15|100|random|20|0.5|0.1|random|0.8|inversion|0.3|False|33|0.39464378356933594|105.0|102.68
15|100|random|20|0.5|0.1|random|0.8|inversion|0.3|False|1373|16.154006481170654|105.0|102.35
15|100|random|20|0.5|0.1|random|0.8|inversion|0.3|False|42|0.522254228591919|105.0|102.38
15|100|random|20|0.5|0.1|random|0.8|inversion|0.3|False|1155|12.73715877532959|105.0|102.68
15|100|random|20|0.5|0.1|random|0.8|inversion|0.3|False|125|1.2930283546447754|105.0|101.51
15|100|random|20|0.5|0.1|random|0.8|inversion|0.3|False|62|0.64727783203125|105.0|102.17
15|100|random|20|0.5|0.1|random|0.8|inversion|0.3|False|4026|46.28847146034241|105.0|102.81
15|100|random|20|0.5|0.1|random|0.8|inversion|0.3|False|1220|12.726989984512329|105.0|102.25
15|100|random|20|0.5|0.1|random|0.8|inversion|0.3|False|9|0.10149860382080078|105.0|101.3
15|100|random|20|0.5|0.1|random|0.8|inversion|0.3|False|1172|12.328998565673828|105.0|102.32
15|100|random|20|0.5|0.1|random|0.8|inversion|0.3|False|634|6.494035959243774|105.0|102.47
15|100|random|20|0.5|0.1|random|0.8|inversion|0.3|False|173|1.7959208488464355|105.0|102.32
15|100|random|20|0.5|0.1|random|0.8|inversion|0.3|False|298|3.30800724029541|105.0|102.55
15|100|random|20|0.5|0.1|random|0.8|inversion|0.3|False|20|0.22470760345458984|105.0|102.05
15|100|random|20|0.5|0.1|random|0.8|inversion|0.3|False|15|0.1842813491821289|105.0|101.73
15|100|random|20|0.5|0.1|random|0.8|inversion|0.3|False|135|1.4939327239990234|105.0|102.68
15|100|random|20|0.5|0.1|random|0.8|inversion|0.3|False|419|4.516498565673828|105.0|102.41
15|100|random|20|0.5|0.1|random|0.8|inversion|0.3|False|819|8.997650146484375|105.0|102.21
15|100|random|20|0.5|0.1|random|0.8|inversion|0.3|False|190|2.315934896469116|105.0|102.54
15|100|random|20|0.5|0.1|random|0.8|inversion|0.3|False|554|6.2348952293396|105.0|102.07
15|100|random|20|0.5|0.1|random|0.8|inversion|0.3|False|545|6.135335206985474|105.0|102.16
15|100|random|20|0.5|0.1|random|0.8|inversion|0.3|False|7291|88.54106116294861|105.0|102.09
15|100|random|20|0.5|0.1|random|0.8|inversion|0.3|False|576|6.0227439403533936|105.0|101.84
15|100|random|20|0.5|0.1|random|0.8|inversion|0.3|False|719|7.410386323928833|105.0|102.96
15|100|random|20|0.5|0.1|random|0.8|inversion|0.3|False|1415|14.458667993545532|105.0|102.32
15|100|random|20|0.5|0.1|random|0.8|inversion|0.3|False|116|1.1982066631317139|105.0|102.19
15|100|random|20|0.5|0.1|random|0.8|inversion|0.3|False|21|0.23380231857299805|105.0|101.52
15|100|random|20|0.5|0.1|random|0.8|inversion|0.3|False|64|0.6788842678070068|105.0|102.78
15|100|random|20|0.5|0.1|random|0.8|inversion|0.3|False|26|0.2956278324127197|105.0|101.18
15|100|random|20|0.5|0.1|random|0.8|inversion|0.3|False|18|0.20812082290649414|105.0|101.76
15|100|random|20|0.5|0.1|random|0.8|inversion|0.3|False|169|1.7371056079864502|105.0|102.89
15|100|random|20|0.5|0.1|random|0.8|inversion|0.3|False|13|0.13980627059936523|105.0|101.93
15|100|random|20|0.5|0.1|random|0.8|inversion|0.3|False|91|0.9378616809844971|105.0|102.25
15|100|random|20|0.5|0.1|random|0.8|inversion|0.3|False|863|8.74439525604248|105.0|102.45
15|100|random|20|0.5|0.1|random|0.8|inversion|0.3|False|485|4.937712907791138|105.0|102.03
15|100|random|20|0.5|0.1|random|0.8|inversion|0.3|False|49|0.5165691375732422|105.0|101.13
15|100|random|20|0.5|0.1|random|0.8|inversion|0.3|False|154|1.6055958271026611|105.0|102.15
15|100|random|20|0.5|0.1|random|0.8|inversion|0.3|False|524|5.59623122215271|105.0|102.09
15|100|random|20|0.5|0.1|random|0.8|inversion|0.3|False|808|8.65210509300232|105.0|102.02
15|100|random|20|0.5|0.1|random|0.8|inversion|0.3|False|155|2.249483108520508|105.0|101.71
15|100|random|20|0.5|0.1|random|0.8|inversion|0.3|False|245|3.470592737197876|105.0|102.18
15|100|random|20|0.5|0.1|random|0.8|inversion|0.3|False|309|3.6486992835998535|105.0|102.92
15|100|random|20|0.5|0.1|random|0.8|inversion|0.3|False|19|0.23610401153564453|105.0|100.55
15|100|random|20|0.5|0.1|random|0.8|inversion|0.3|False|771|8.097669124603271|105.0|102.39
15|100|random|20|0.5|0.1|random|0.8|inversion|0.3|False|95|1.0005857944488525|105.0|102.49
15|100|random|20|0.5|0.1|random|0.8|inversion|0.3|False|12|0.14105010032653809|105.0|99.68
15|100|random|20|0.5|0.1|random|0.8|inversion|0.3|False|7|0.08545994758605957|105.0|98.7
15|100|random|20|0.5|0.1|random|0.8|inversion|0.3|False|82|0.9047050476074219|105.0|102.2
15|100|random|20|0.5|0.1|random|0.8|inversion|0.3|False|113|1.2080230712890625|105.0|102.5
15|100|random|20|0.5|0.1|random|0.8|inversion|0.3|False|38|0.43020153045654297|105.0|101.84
15|100|random|20|0.5|0.1|random|0.8|inversion|0.3|False|125|1.292884111404419|105.0|102.24
15|100|random|20|0.5|0.1|random|0.8|inversion|0.3|False|11|0.1374659538269043|105.0|100.55
15|100|random|20|0.5|0.1|random|0.8|inversion|0.3|False|1004|10.687829732894897|105.0|102.36
15|100|random|20|0.5|0.1|random|0.8|inversion|0.3|False|1421|16.432745695114136|105.0|102.7
15|100|random|20|0.5|0.1|random|0.8|inversion|0.3|False|602|6.93584132194519|105.0|103.01
15|100|random|20|0.5|0.1|random|0.8|inversion|0.3|False|91|1.1114726066589355|105.0|102.81
15|100|random|20|0.5|0.1|random|0.8|inversion|0.3|False|1828|19.57410740852356|105.0|102.25
15|100|random|20|0.5|0.1|random|0.8|inversion|0.3|False|1948|21.899248123168945|105.0|102.21
15|100|random|20|0.5|0.1|random|0.8|inversion|0.3|False|488|4.987929105758667|105.0|101.95
15|100|random|20|0.5|0.1|random|0.8|inversion|0.3|False|97|0.9813799858093262|105.0|102.62
15|100|random|20|0.5|0.1|random|0.8|inversion|0.3|False|4529|49.475550174713135|105.0|102.47
15|100|random|20|0.5|0.1|random|0.8|inversion|0.3|False|475|5.877623796463013|105.0|102.64
15|100|random|20|0.5|0.1|random|0.8|inversion|0.3|False|163|1.7729220390319824|105.0|102.38
15|100|random|20|0.5|0.1|random|0.8|inversion|0.3|False|5313|55.663400173187256|105.0|102.47
15|100|random|20|0.5|0.1|random|0.8|inversion|0.3|False|84|0.8825726509094238|105.0|103.07
15|100|random|20|0.5|0.1|random|0.8|inversion|0.3|False|33|0.34720802307128906|105.0|102.27
15|100|random|20|0.5|0.1|random|0.8|inversion|0.3|False|52|0.557532548904419|105.0|102.47
15|100|random|20|0.5|0.1|random|0.8|inversion|0.3|False|219|2.1790313720703125|105.0|102.37
15|100|random|20|0.5|0.1|random|0.8|inversion|0.3|False|260|2.7004833221435547|105.0|102.45
15|100|random|20|0.5|0.1|random|0.8|inversion|0.3|False|81|0.827885627746582|105.0|101.24
15|100|random|20|0.5|0.1|random|0.8|inversion|0.3|False|260|2.655857563018799|105.0|102.82
15|100|random|20|0.5|0.1|random|0.8|inversion|0.3|False|66|0.680037260055542|105.0|102.56
15|100|random|20|0.5|0.1|random|0.8|inversion|0.3|False|79|0.7983887195587158|105.0|103.07
15|100|random|20|0.5|0.1|random|0.8|inversion|0.3|False|1025|11.203994750976562|105.0|102.38
15|100|random|20|0.5|0.1|random|0.8|inversion|0.3|False|317|3.544074535369873|105.0|102.61
15|100|random|20|0.5|0.1|random|0.8|inversion|0.3|False|51|0.6821084022521973|105.0|102.54
15|100|random|20|0.5|0.1|random|0.8|inversion|0.3|False|51|0.5833706855773926|105.0|102.3
15|100|random|20|0.5|0.1|random|0.8|inversion|0.3|False|14|0.18364882469177246|105.0|100.63
15|100|random|20|0.5|0.1|random|0.8|inversion|0.3|False|3032|31.348451137542725|105.0|102.45
15|100|random|20|0.5|0.1|random|0.8|inversion|0.3|False|111|1.1391713619232178|105.0|102.56
15|100|random|20|0.5|0.1|random|0.8|inversion|0.3|False|25|0.28670263290405273|105.0|102.06
15|100|random|20|0.5|0.1|random|0.8|inversion|0.3|False|942|9.820596694946289|105.0|102.6
15|100|random|20|0.5|0.1|random|0.8|inversion|0.3|False|944|12.268684387207031|105.0|102.26
15|100|random|20|0.5|0.1|random|0.8|inversion|0.3|False|839|8.821327447891235|105.0|102.53
15|100|random|20|0.5|0.1|random|0.8|inversion|0.3|False|3993|44.48371958732605|105.0|102.84
15|100|random|20|0.5|0.1|random|0.8|inversion|0.3|False|10000|108.14157271385193|104.0|102.55
15|100|random|20|0.5|0.1|random|0.8|inversion|0.3|False|32|0.34740734100341797|105.0|101.28
15|100|random|20|0.5|0.1|random|0.8|inversion|0.3|False|10000|106.00644874572754|104.0|101.97
15|100|random|20|0.5|0.1|random|0.8|inversion|0.3|False|812|9.14380669593811|105.0|102.21
15|100|random|20|0.5|0.1|random|0.8|displacement_inversion|0.3|False|19|0.2957789897918701|105.0|101.98
15|100|random|20|0.5|0.1|random|0.8|displacement_inversion|0.3|False|361|4.5119311809539795|105.0|102.08
15|100|random|20|0.5|0.1|random|0.8|displacement_inversion|0.3|False|19|0.24964547157287598|105.0|100.87
15|100|random|20|0.5|0.1|random|0.8|displacement_inversion|0.3|False|151|2.080416440963745|105.0|101.68
15|100|random|20|0.5|0.1|random|0.8|displacement_inversion|0.3|False|241|3.1148667335510254|105.0|102.59
15|100|random|20|0.5|0.1|random|0.8|displacement_inversion|0.3|False|403|5.303126335144043|105.0|101.67
15|100|random|20|0.5|0.1|random|0.8|displacement_inversion|0.3|False|214|2.7924134731292725|105.0|102.18
15|100|random|20|0.5|0.1|random|0.8|displacement_inversion|0.3|False|68|1.0031144618988037|105.0|101.65
15|100|random|20|0.5|0.1|random|0.8|displacement_inversion|0.3|False|17|0.22608542442321777|105.0|98.37
15|100|random|20|0.5|0.1|random|0.8|displacement_inversion|0.3|False|69|0.9040563106536865|105.0|101.27
15|100|random|20|0.5|0.1|random|0.8|displacement_inversion|0.3|False|246|3.077791452407837|105.0|100.69
15|100|random|20|0.5|0.1|random|0.8|displacement_inversion|0.3|False|963|12.062303066253662|105.0|101.23
15|100|random|20|0.5|0.1|random|0.8|displacement_inversion|0.3|False|198|2.401546001434326|105.0|101.66
15|100|random|20|0.5|0.1|random|0.8|displacement_inversion|0.3|False|46|0.562962532043457|105.0|102.23
15|100|random|20|0.5|0.1|random|0.8|displacement_inversion|0.3|False|392|4.79807710647583|105.0|101.41
15|100|random|20|0.5|0.1|random|0.8|displacement_inversion|0.3|False|2987|34.5987434387207|105.0|101.91
15|100|random|20|0.5|0.1|random|0.8|displacement_inversion|0.3|False|675|7.787543296813965|105.0|100.32
15|100|random|20|0.5|0.1|random|0.8|displacement_inversion|0.3|False|61|0.7202808856964111|105.0|101.85
15|100|random|20|0.5|0.1|random|0.8|displacement_inversion|0.3|False|201|2.3246469497680664|105.0|101.6
15|100|random|20|0.5|0.1|random|0.8|displacement_inversion|0.3|False|387|4.436154127120972|105.0|101.94
15|100|random|20|0.5|0.1|random|0.8|displacement_inversion|0.3|False|24|0.29900288581848145|105.0|100.56
15|100|random|20|0.5|0.1|random|0.8|displacement_inversion|0.3|False|19|0.24047517776489258|105.0|98.95
15|100|random|20|0.5|0.1|random|0.8|displacement_inversion|0.3|False|1098|12.660227537155151|105.0|101.56
15|100|random|20|0.5|0.1|random|0.8|displacement_inversion|0.3|False|182|2.139221668243408|105.0|101.67
15|100|random|20|0.5|0.1|random|0.8|displacement_inversion|0.3|False|44|0.7058007717132568|105.0|101.05
15|100|random|20|0.5|0.1|random|0.8|displacement_inversion|0.3|False|597|7.775270938873291|105.0|102.04
15|100|random|20|0.5|0.1|random|0.8|displacement_inversion|0.3|False|7558|94.84845113754272|105.0|102.12
15|100|random|20|0.5|0.1|random|0.8|displacement_inversion|0.3|False|428|5.410243511199951|105.0|101.42
15|100|random|20|0.5|0.1|random|0.8|displacement_inversion|0.3|False|307|3.5771379470825195|105.0|101.26
15|100|random|20|0.5|0.1|random|0.8|displacement_inversion|0.3|False|10|0.1324474811553955|105.0|100.55
15|100|random|20|0.5|0.1|random|0.8|displacement_inversion|0.3|False|3118|36.83213806152344|105.0|101.91
15|100|random|20|0.5|0.1|random|0.8|displacement_inversion|0.3|False|121|1.8819801807403564|105.0|100.95
15|100|random|20|0.5|0.1|random|0.8|displacement_inversion|0.3|False|46|0.7456257343292236|105.0|102.05
15|100|random|20|0.5|0.1|random|0.8|displacement_inversion|0.3|False|118|1.6079628467559814|105.0|102.09
15|100|random|20|0.5|0.1|random|0.8|displacement_inversion|0.3|False|433|4.989731550216675|105.0|101.75
15|100|random|20|0.5|0.1|random|0.8|displacement_inversion|0.3|False|796|9.483650922775269|105.0|102.02
15|100|random|20|0.5|0.1|random|0.8|displacement_inversion|0.3|False|27|0.33375000953674316|105.0|101.61
15|100|random|20|0.5|0.1|random|0.8|displacement_inversion|0.3|False|26|0.3258936405181885|105.0|101.35
15|100|random|20|0.5|0.1|random|0.8|displacement_inversion|0.3|False|280|3.262099504470825|105.0|102.66
15|100|random|20|0.5|0.1|random|0.8|displacement_inversion|0.3|False|31|0.39691853523254395|105.0|101.68
15|100|random|20|0.5|0.1|random|0.8|displacement_inversion|0.3|False|192|2.72070050239563|105.0|102.25
15|100|random|20|0.5|0.1|random|0.8|displacement_inversion|0.3|False|4999|63.49404430389404|105.0|101.15
15|100|random|20|0.5|0.1|random|0.8|displacement_inversion|0.3|False|157|1.892045259475708|105.0|102.37
15|100|random|20|0.5|0.1|random|0.8|displacement_inversion|0.3|False|41|0.4785628318786621|105.0|101.26
15|100|random|20|0.5|0.1|random|0.8|displacement_inversion|0.3|False|1012|14.603055953979492|105.0|101.37
15|100|random|20|0.5|0.1|random|0.8|displacement_inversion|0.3|False|400|4.868319272994995|105.0|102.27
15|100|random|20|0.5|0.1|random|0.8|displacement_inversion|0.3|False|791|10.096167087554932|105.0|100.64
15|100|random|20|0.5|0.1|random|0.8|displacement_inversion|0.3|False|43|0.5307347774505615|105.0|100.85
15|100|random|20|0.5|0.1|random|0.8|displacement_inversion|0.3|False|66|0.9066159725189209|105.0|101.6
15|100|random|20|0.5|0.1|random|0.8|displacement_inversion|0.3|False|158|1.976738691329956|105.0|100.73
15|100|random|20|0.5|0.1|random|0.8|displacement_inversion|0.3|False|181|2.294612169265747|105.0|101.37
15|100|random|20|0.5|0.1|random|0.8|displacement_inversion|0.3|False|218|3.1538445949554443|105.0|101.8
15|100|random|20|0.5|0.1|random|0.8|displacement_inversion|0.3|False|39|0.5333330631256104|105.0|99.83
15|100|random|20|0.5|0.1|random|0.8|displacement_inversion|0.3|False|49|0.708709716796875|105.0|101.35
15|100|random|20|0.5|0.1|random|0.8|displacement_inversion|0.3|False|1998|27.908780574798584|105.0|101.45
15|100|random|20|0.5|0.1|random|0.8|displacement_inversion|0.3|False|322|3.830303192138672|105.0|102.25
15|100|random|20|0.5|0.1|random|0.8|displacement_inversion|0.3|False|3524|45.936344385147095|105.0|101.64
15|100|random|20|0.5|0.1|random|0.8|displacement_inversion|0.3|False|54|0.9667789936065674|105.0|99.5
15|100|random|20|0.5|0.1|random|0.8|displacement_inversion|0.3|False|322|5.019221305847168|105.0|101.85
15|100|random|20|0.5|0.1|random|0.8|displacement_inversion|0.3|False|1313|16.37470507621765|105.0|101.52
15|100|random|20|0.5|0.1|random|0.8|displacement_inversion|0.3|False|88|1.0372672080993652|105.0|101.85
15|100|random|20|0.5|0.1|random|0.8|displacement_inversion|0.3|False|163|1.9642000198364258|105.0|102.04
15|100|random|20|0.5|0.1|random|0.8|displacement_inversion|0.3|False|192|2.2622311115264893|105.0|101.13
15|100|random|20|0.5|0.1|random|0.8|displacement_inversion|0.3|False|1847|22.0696280002594|105.0|101.4
15|100|random|20|0.5|0.1|random|0.8|displacement_inversion|0.3|False|918|12.445571899414062|105.0|101.97
15|100|random|20|0.5|0.1|random|0.8|displacement_inversion|0.3|False|691|8.989813327789307|105.0|101.44
15|100|random|20|0.5|0.1|random|0.8|displacement_inversion|0.3|False|26|0.3260948657989502|105.0|99.93
15|100|random|20|0.5|0.1|random|0.8|displacement_inversion|0.3|False|223|2.7224860191345215|105.0|102.16
15|100|random|20|0.5|0.1|random|0.8|displacement_inversion|0.3|False|2235|27.33641743659973|105.0|100.93
15|100|random|20|0.5|0.1|random|0.8|displacement_inversion|0.3|False|2322|28.832229614257812|105.0|101.93
15|100|random|20|0.5|0.1|random|0.8|displacement_inversion|0.3|False|469|6.813997507095337|105.0|101.76
15|100|random|20|0.5|0.1|random|0.8|displacement_inversion|0.3|False|575|7.456582546234131|105.0|101.37
15|100|random|20|0.5|0.1|random|0.8|displacement_inversion|0.3|False|331|4.404816389083862|105.0|101.7
15|100|random|20|0.5|0.1|random|0.8|displacement_inversion|0.3|False|1195|15.212496995925903|105.0|101.04
15|100|random|20|0.5|0.1|random|0.8|displacement_inversion|0.3|False|1172|13.5258469581604|105.0|101.6
15|100|random|20|0.5|0.1|random|0.8|displacement_inversion|0.3|False|816|9.97631573677063|105.0|101.73
15|100|random|20|0.5|0.1|random|0.8|displacement_inversion|0.3|False|44|0.540851354598999|105.0|102.44
15|100|random|20|0.5|0.1|random|0.8|displacement_inversion|0.3|False|445|5.246626615524292|105.0|100.63
15|100|random|20|0.5|0.1|random|0.8|displacement_inversion|0.3|False|14|0.1757221221923828|105.0|99.2
15|100|random|20|0.5|0.1|random|0.8|displacement_inversion|0.3|False|70|0.8517637252807617|105.0|100.94
15|100|random|20|0.5|0.1|random|0.8|displacement_inversion|0.3|False|52|0.6240212917327881|105.0|100.85
15|100|random|20|0.5|0.1|random|0.8|displacement_inversion|0.3|False|536|6.219686508178711|105.0|101.53
15|100|random|20|0.5|0.1|random|0.8|displacement_inversion|0.3|False|16|0.3121006488800049|105.0|100.11
15|100|random|20|0.5|0.1|random|0.8|displacement_inversion|0.3|False|334|5.162698745727539|105.0|101.17
15|100|random|20|0.5|0.1|random|0.8|displacement_inversion|0.3|False|236|3.8580074310302734|105.0|101.69
15|100|random|20|0.5|0.1|random|0.8|displacement_inversion|0.3|False|194|2.8661253452301025|105.0|100.91
15|100|random|20|0.5|0.1|random|0.8|displacement_inversion|0.3|False|6|0.1336658000946045|105.0|98.9
15|100|random|20|0.5|0.1|random|0.8|displacement_inversion|0.3|False|7546|93.59769988059998|105.0|101.25
15|100|random|20|0.5|0.1|random|0.8|displacement_inversion|0.3|False|7|0.08953094482421875|105.0|99.51
15|100|random|20|0.5|0.1|random|0.8|displacement_inversion|0.3|False|103|1.3411705493927002|105.0|101.1
15|100|random|20|0.5|0.1|random|0.8|displacement_inversion|0.3|False|10000|124.70410513877869|104.0|102.42
15|100|random|20|0.5|0.1|random|0.8|displacement_inversion|0.3|False|675|9.607649326324463|105.0|101.87
15|100|random|20|0.5|0.1|random|0.8|displacement_inversion|0.3|False|10000|122.74619579315186|104.0|101.45
15|100|random|20|0.5|0.1|random|0.8|displacement_inversion|0.3|False|739|8.936318635940552|105.0|101.97
15|100|random|20|0.5|0.1|random|0.8|displacement_inversion|0.3|False|7215|96.35018754005432|105.0|102.03
15|100|random|20|0.5|0.1|random|0.8|displacement_inversion|0.3|False|297|3.70007586479187|105.0|101.66
15|100|random|20|0.5|0.1|random|0.8|displacement_inversion|0.3|False|132|1.7940890789031982|105.0|102.2
15|100|random|20|0.5|0.1|random|0.8|displacement_inversion|0.3|False|98|1.271622657775879|105.0|102.35
15|100|random|20|0.5|0.1|random|0.8|displacement_inversion|0.3|False|2228|27.154423475265503|105.0|101.62
15|100|random|20|0.5|0.1|random|0.8|displacement_inversion|0.3|False|568|6.438326597213745|105.0|101.45
